id,district,name,address,gov_url,facilities,photo_path,status
3,九龍城,何文田公園,九龍何文田忠義街1號,https://www.map.gov.hk/gm/gmid/MSKgwBPmtd?lg=tc,"共融遊樂設施,長者健身園地",/facilities/pi-basketball.png,Active
4,九龍城,土瓜灣遊樂場,九龍土瓜灣下鄉道66號,https://www.map.gov.hk/gm/gmid/9Aug4OGCIS?lg=tc,"共融遊樂設施, 硬地球場, 籃球場, 緩跑徑/健身徑",/facilities/pi-basketball.png,Active
5,九龍城,九龍寨城公園,九龍城東正道,,公園,/facilities/pi-basketball.png,Active
6,九龍城,佛光街一號花園,九龍紅磡佛光街,,健身園地,/facilities/md-sports-gymnastics.jpeg,Active
7,九龍城,佛光街遊樂場,九龍红磡佛光街,,健身園地,/facilities/md-sports-gymnastics.jpeg,Active
8,九龍城,東何文田休憩處,何文田佛光街,,"健身園地,長者健身園地",/facilities/md-sports-gymnastics.jpeg,Active
9,九龍城,海心公園,九龍土瓜灣旭日街,,"健身園地,長者健身園地",/facilities/md-sports-gymnastics.jpeg,Active
10,九龍城,常樂街花園,何文田何文田邨常樂街,,健身園地,/facilities/md-sports-gymnastics.jpeg,Active
36,大埔大埔,廣福休憩處,大埔廣宏街,,休憩處,/facilities/pi-basketball.png,Active
37,大埔,廣福公園,新界大埔廣進街,https://map.gov.hk/gm/gmid/oQ8gA4SvTu?lg=tc,"共融遊樂設施,長者健身園地,草地球場, 狗公園/寵物公園",/facilities/pi-basketball.png,Active
38,大埔,馬窩路花園,新界大埔馬窩路2號,,"公園,健身園地",/facilities/pi-basketball.png,Active
40,大埔,大埔海濱公園,大埔大發街,https://www.map.gov.hk/gm/gmid/TIvqY40FUn?lg=tc,"共融遊樂設施,長者健身園地,露天劇場,草地滾球場,門球場,寵物共享公園,緩跑徑/健身徑,模型船池,公園",/facilities/pi-basketball.png,Active
1,九龍城,啟德空中花園,九龍啟德承豐道,,寵物共享公園,/facilities/md-pets.jpeg,Active
39,大埔,大埔滘公園,大埔滘大埔公路大埔滘段,,寵物共享公園,/facilities/md-pets.jpeg,Active
41,大埔,達運道休憩處,大埔達運道,,"寵物共享公園,長者健身園地",/facilities/md-pets.jpeg,Active
42,大埔,吐露港花園,大埔吐露港公路,,寵物共享公園,/facilities/md-pets.jpeg,Active
43,大埔,元洲仔公園,大埔元洲仔里,,"寵物共享公園,長者健身園地",/facilities/md-pets.jpeg,Active
86,大埔,汀角村兒童遊樂場,大埔汀角路汀角村,,"健身園地,長者健身園地",/facilities/md-sports-gymnastics.jpeg,Active
96,大埔,完善公園,大埔富善邨完善路,,"健身園地,長者健身園地",/facilities/md-sports-gymnastics.jpeg,Active
101,中西區,西安里兒童遊樂場,香港西環西安里,https://www.map.gov.hk/gm/gmid/JfqshAfUBB?lg=tc ,共融遊樂設施,/facilities/pi-basketball.png,Active
102,中西區,香港公園,中環紅棉路19號,https://www.map.gov.hk/gm/gmid/WuH88p6S47?lg=tc,"公園,共融遊樂設施",/facilities/pi-basketball.png,Active
103,中西區,香港動植物公園,中西區雅賓利道,,公園,/facilities/pi-basketball.png,Active
104,中西區,屋蘭士街休憩處,半山屋蘭士街,,狗公園/寵物公園,/facilities/pi-basketball.png,Active
107,中西區,添馬公園,金鐘夏慤道,,"露天劇場,茶座,觀景台,園景花園,公園,特色水景",/facilities/pi-basketball.png,Active
108,中西區,柯士甸山遊樂場,"柯士甸山道,山頂",https://www.map.gov.hk/gm/gmid/xxzwKplhyk?lg=tc ,共融遊樂設施,/facilities/pi-basketball.png,Active
110,中西區,卑路乍灣公園,西環堅尼地城海旁,,健身站,/facilities/pi-basketball.png,Active
111,中西區,夏力道健身徑,山頂夏力道,,健身站,/facilities/pi-basketball.png,Active
112,中西區,馬己仙峽配水庫遊樂場,半山馬己仙峽道,,健身站,/facilities/pi-basketball.png,Active
98,中西區,中西區海濱長廊-上環段,上環中港道,,寵物共享公園,/facilities/md-pets.jpeg,Active
99,中西區,中環碼頭海濱長廊,中環民光街,,寵物共享公園,/facilities/md-pets.jpeg,Active
100,中西區,中西區海濱長廊 – 西區副食品批發市場段,西環豐物道 8 號,,寵物共享公園,/facilities/md-pets.jpeg,Active
105,中西區,二號碼頭花園,中環民光街2號碼頭天台,,寵物共享公園,/facilities/md-pets.jpeg,Active
106,中西區,三號碼頭花園,中環民光街3號碼頭天台,,寵物共享公園,/facilities/md-pets.jpeg,Active
109,中西區,永利街休憩花園,上環永利街,,寵物共享公園,/facilities/md-pets.jpeg,Active
113,中西區,堅道花園,堅道半山,,健身園地,/facilities/md-sports-gymnastics.jpeg,Active
114,中西區,高西郊遊區,山頂夏力道與盧吉道交界,,"健身園地,長者健身園地",/facilities/md-sports-gymnastics.jpeg,Active
115,中西區,堅尼地城配水庫遊樂場,西環堅尼地城摩星嶺道,,健身園地,/facilities/md-sports-gymnastics.jpeg,Active
116,中西區,摩星嶺遊樂場,西環堅尼地城摩星嶺徑,,健身園地,/facilities/md-sports-gymnastics.jpeg,Active
117,中西區,摩星嶺配水庫休憩處,西環堅尼地城摩星嶺食水配水庫,,健身園地,/facilities/md-sports-gymnastics.jpeg,Active
118,中西區,中山紀念公園,西環西營盤東邊街北,,健身園地,/facilities/md-sports-gymnastics.jpeg,Active
149,元朗,華盛村兒童遊樂場,元朗錦田新潭路華盛村,,健身園地,/facilities/md-sports-gymnastics.jpeg,Active
150,元朗,元崗村遊樂場,元朗八鄉元崗村,,"健身園地,長者健身園地",/facilities/md-sports-gymnastics.jpeg,Active
151,元朗,竹坑遊樂場,元朗錦田粉錦路竹坑,,"健身園地,長者健身園地",/facilities/md-sports-gymnastics.jpeg,Active
142,元朗,鳳翔路花園,元朗鳳翔路,,"兒童遊樂場,長者健體園地",/facilities/pi-basketball.png,Active
144,元朗,天水圍公園,天水圍天瑞路6號,https://www.map.gov.hk/gm/gmid/5K0bBxQNUU?lg=tc,"公園,共融遊樂設施, 長者健身園地,硬地球場, 網球場, 籃球場, 排球場, 門球場, 滑板場, 模型車場, 模型船池",/facilities/pi-basketball.png,Active
146,元朗,天業路公園,新界天水圍天業路,,"公園,草地球場",/facilities/pi-basketball.png,Active
147,元朗,元朗公園,元朗元朗公園北路,https://www.map.gov.hk/gm/gmid/zIaqtroUOz?lg=tc ,"公園, 共融遊樂設施,長者健身園地, 硬地球場, 門球場, 百鳥塔, 手球場",/facilities/pi-basketball.png,Active
143,元朗,上村公園,元朗錦上路,,"寵物共享公園,長者健身園地",/facilities/md-pets.jpeg,Active
145,元朗,天慈花園,元朗天水圍天慈邨天慈路,,"寵物共享公園,長者健身園地",/facilities/md-pets.jpeg,Active
199,屯門,新墟遊樂場,屯門鄉事會路,,健身園地,/facilities/md-sports-gymnastics.jpeg,Active
200,屯門,新和里遊樂場,屯門新和里,,健身園地,/facilities/md-sports-gymnastics.jpeg,Active
201,屯門,青龍花園,屯門蟠龍半島青龍路,,"健身園地,長者健身園地",/facilities/md-sports-gymnastics.jpeg,Active
202,屯門,屯門海濱花園,屯門慧豐園湖翠路,,"健身園地,長者健身園地",/facilities/md-sports-gymnastics.jpeg,Active
203,屯門,屯門河畔公園,屯門澤豐花園35區,,"健身園地,長者健身園地",/facilities/md-sports-gymnastics.jpeg,Active
204,屯門,湖山遊樂場,屯門新屯門中心湖山路,,"健身園地,長者健身園地",/facilities/md-sports-gymnastics.jpeg,Active
205,屯門,湖山河畔公園,屯門第十八區龍門路,,"健身園地,長者健身園地",/facilities/md-sports-gymnastics.jpeg,Active
206,屯門,湖山網球場,屯門悅湖山莊湖山路,,"健身園地,長者健身園地",/facilities/md-sports-gymnastics.jpeg,Active
207,屯門,蝴蝶灣公園,屯門龍門路45B區,,"健身園地,長者健身園地",/facilities/md-sports-gymnastics.jpeg,Active
209,屯門,福亨村路花園,屯門藍地福亨村路,,"健身園地,長者健身園地",/facilities/md-sports-gymnastics.jpeg,Active
190,屯門,海皇路花園,屯門海皇路(屯門泳池側),,公園,/facilities/pi-basketball.png,Active
191,屯門,麒麟崗公眾公園,屯門青山公路三聖邨對面,,"狗公園/寵物公園,長者健身園地",/facilities/pi-basketball.png,Active
195,屯門,屯門公園,屯門屯門鄉事會路,https://www.map.gov.hk/gm/gmid/anub7Fp9zb?lg=tc,"共融遊樂設施,長者健身園地,健身園地,露天劇場,羽毛球場,單車徑/場,寵物共享公園,模型船池,公園,排球場",/facilities/pi-basketball.png,Active
196,屯門,青田遊樂場,屯門良運街,https://www.map.gov.hk/gm/gmid/i5NeySzqE7?lg=tc,"共融遊樂設施,長者健身園地,硬地球場, 手球場, 門球場, 緩跑徑/健身徑",/facilities/pi-basketball.png,Active
197,屯門,湖景路花園,屯門湖景路,,公園,/facilities/pi-basketball.png,Active
198,屯門,黃金泳灘,屯門青山公路18咪半,,健身站,/facilities/pi-basketball.png,Active
189,屯門,舊咖啡灣休憩處,屯門舊咖啡灣,,寵物共享公園,/facilities/md-pets.jpeg,Active
192,屯門,杯渡路(南)休憩花園,屯門天后路,,"寵物共享公園,健身園地",/facilities/md-pets.jpeg,Active
193,屯門,新安休憩處,屯門新安街,,寵物共享公園,/facilities/md-pets.jpeg,Active
194,屯門,青碧休憩處,屯門青碧街,,寵物共享公園,/facilities/md-pets.jpeg,Active
237,北區,粉嶺圍遊樂場,粉嶺粉嶺圍村,,"健身園地,長者健身園地",/facilities/md-sports-gymnastics.jpeg,Active
240,北區,吉祥街花園,上水吉祥街29號,,"健身園地,長者健身園地",/facilities/md-sports-gymnastics.jpeg,Active
259,北區,維翰路花園,上水維翰路與百和路交界,,"健身園地,長者健身園地",/facilities/md-sports-gymnastics.jpeg,Active
226,北區,北區公園,上水馬會道,,"公園, 健身園地,長者健身園地,硬地球場, 籃球場, 排球場, 手球場, 緩跑徑/健身徑",/facilities/pi-basketball.png,Active
228,北區,大頭嶺休憩處,新界上水寶石湖路大頭嶺村,,"羽毛球場,兒童遊樂場",/facilities/pi-basketball.png,Active
229,北區,保榮路遊樂場,新界上水保榮路,https://www.map.gov.hk/gm/gmid/K39HXIj5fS?lg=tc,"共融遊樂設施,兒童遊樂場,長者健身園地,狗公園/寵物公園,硬地球場",/facilities/pi-basketball.png,Active
231,北區,一鳴路公園,粉嶺一鳴路與百和路交界,https://www.map.gov.hk/gm/gmid/3YLT6VjX4m?lg=tc,"共融遊樂設施,長者健身園地,健身園地,狗公園/寵物公園,健體園灺,緩跑徑/健身徑,兒童遊樂場",/facilities/pi-basketball.png,Active
233,北區,北區運動場,新界上水天平路26號,https://www.map.gov.hk/gm/gmid/TgNMkCyKxY?lg=tc ,"共融遊樂設施,籃球場,草地球場,運動場,網球場,排球場,兒童遊樂場",/facilities/pi-basketball.png,Active
266,西貢,香港單車館公園,將軍澳寶康路105-107號,,"中央草坪,兒童遊樂場,長者健體園地,健身站,露天劇場,人工湖,模型船池,極限運動場,運動攀登牆,緩跑徑",/facilities/pi-basketball.png,Active
267,西貢,寶康公園,將軍澳運隆路10號,https://www.map.gov.hk/gm/gmid/wxKnsizorm?lg=tc ,"公園, 共融遊樂設施,長者健身園地,硬地球場, 手球場, 籃球場, 排球場, 門球場, 滾軸溜冰場, 緩跑徑/健身徑",/facilities/pi-basketball.png,Active
268,西貢,寶琳休憩處,西貢將軍澳寶琳北路,,"休憩處,狗公園/寵物公園",/facilities/pi-basketball.png,Active
269,西貢,寶翠公園,新界將軍澳毓雅里16號,,"公園, 長者健身園地, 草地球場, 硬地球場, 網球場, 手球場, 曲棍球場, 緩跑徑/健身徑",/facilities/pi-basketball.png,Active
270,西貢,常寧遊樂場,將軍澳常寧路,https://map.gov.hk/gm/gmid/KeTJz4QvK9?lg=tc,"共融遊樂設施,長者健身園地, 門球場",/facilities/pi-basketball.png,Active
230,北區,粉錦公路以東的公園,上水粉錦公路650號,,"寵物共享公園,步行徑,5人硬地足球場",/facilities/md-pets.jpeg,Active
232,北區,天平路花園,上水天平路,,寵物共享公園,/facilities/md-pets.jpeg,Active
234,北區,禾徑山路花園,新界粉嶺沙頭角路禾徑山路,,寵物共享公園,/facilities/md-pets.jpeg,Active
265,西貢,坑口花園,新界將軍澳坑口田洲路,,寵物共享公園,/facilities/md-pets.jpeg,Active
271,西貢,調景嶺體育館,將軍澳翠嶺路2號,https://www.map.gov.hk/gm/gmid/4w24kA9ZGA?lg=tc,"共融遊樂設施,健身園地,活動室,羽毛球場,籃球場,兒童遊戲室,健身室,室內緩跑徑,運動攀登設施,乒乓球檯,排球場",/facilities/pi-basketball.png,Active
273,西貢,太平村遊樂場,西貢菠蘿輋路,,"籃球場,長者健身園地",/facilities/pi-basketball.png,Active
274,西貢,將軍澳海濱公園,西貢將軍澳唐俊街,,狗公園/寵物公園,/facilities/pi-basketball.png,Active
275,西貢,環保大道寵物公園,西貢將軍澳環保大道,,狗公園/寵物公園,/facilities/pi-basketball.png,Active
276,西貢,培成花園,將軍澳坑口培成路38號,,健身園地,/facilities/md-sports-gymnastics.jpeg,Active
309,沙田,車公廟路遊樂場,大圍車公廟路,,"健身園地,長者健身園地",/facilities/md-sports-gymnastics.jpeg,Active
310,沙田,顯田遊樂場,大圍車公廟路,,"健身園地,長者健身園地",/facilities/md-sports-gymnastics.jpeg,Active
311,沙田,馬鈴徑休憩花園,九肚山駿發山莊馬鈴徑,,健身園地,/facilities/md-sports-gymnastics.jpeg,Active
312,沙田,鞍祿街公園,馬鞍山鞍祿街,,"健身園地,長者健身園地",/facilities/md-sports-gymnastics.jpeg,Active
313,沙田,小瀝源村休憩處,沙田小瀝源廣善街,,"健身園地,長者健身園地",/facilities/md-sports-gymnastics.jpeg,Active
299,沙田,馬鞍山公園,馬鞍山鞍駿街12號,https://www.map.gov.hk/gm/gmid/sXOgLTlfAB?lg=tc ,"公園, 共融遊樂設施,長者健身園地,健身園地,緩跑徑/健身徑",/facilities/pi-basketball.png,Active
300,沙田,馬鞍山海濱長廊,馬鞍山寧泰路,,"公園,長者健身園地",/facilities/pi-basketball.png,Active
303,沙田,安睦街花園,沙田安睦街,,公園,/facilities/pi-basketball.png,Active
304,沙田,源禾遊樂場,沙田禾輋邨源禾路16號,,健身站,/facilities/pi-basketball.png,Active
305,沙田,沙田公園,沙田源禾路2號,https://map.gov.hk/gm/gmid/DMXvsIKYYc?lg=tc ,"公園,共融遊樂設施,健身園地,長者健身園地,露天劇場",/facilities/pi-basketball.png,Active
272,西貢,西貢海濱公園,西貢惠民路,https://www.map.gov.hk/gm/gmid/FYLkrNwvlv?lg=tc ,"寵物共享公園,共融遊樂設施,長者健身園地",/facilities/md-pets.jpeg,Active
301,沙田,馬鞍山西沙路花園,馬鞍山西沙路,,寵物共享公園,/facilities/md-pets.jpeg,Active
302,沙田,美田路休憩處,大圍美田路,,寵物共享公園,/facilities/md-pets.jpeg,Active
306,沙田,城門河第一海濱花園,沙田車公廟路,,寵物共享公園,/facilities/md-pets.jpeg,Active
307,沙田,城門河第二海濱花園,沙田大涌橋路,,寵物共享公園,/facilities/md-pets.jpeg,Active
308,沙田,城門河第三海濱花園,沙田第一城大涌橋路,,"寵物共享公園,健身園地",/facilities/md-pets.jpeg,Active
346,東區,愛秩序街遊樂場,筲箕灣筲箕灣道,,"健身園地,長者健身園地",/facilities/md-sports-gymnastics.jpeg,Active
347,東區,歌連臣角道花園,小西灣歌連臣角道,,"健身園地,長者健身園地",/facilities/md-sports-gymnastics.jpeg,Active
348,東區,雲景道配水庫遊樂場,北角雲景道,,"健身園地,長者健身園地",/facilities/md-sports-gymnastics.jpeg,Active
349,東區,康愉街休憩處,鰂魚涌康愉街,,健身園地,/facilities/md-sports-gymnastics.jpeg,Active
350,東區,北角海濱花園 (一期),北角琴行街,,健身園地,/facilities/md-sports-gymnastics.jpeg,Active
351,東區,百福道遊樂場,北角百福道,,健身園地,/facilities/md-sports-gymnastics.jpeg,Active
352,東區,西灣河海濱公園,西灣河太康街,,健身園地,/facilities/md-sports-gymnastics.jpeg,Active
353,東區,筲箕灣配水庫遊樂場,筲箕灣耀興道,,"健身園地,長者健身園地",/facilities/md-sports-gymnastics.jpeg,Active
354,東區,小西灣海濱花園,小西灣小西灣道20-26號,,"健身園地,長者健身園地",/facilities/md-sports-gymnastics.jpeg,Active
355,東區,小西灣一號休憩處,小西灣小西灣道,,"健身園地,長者健身園地",/facilities/md-sports-gymnastics.jpeg,Active
340,東區,柴灣公園,柴灣翠灣街柴灣公園,,"公園,長者健身園地, 健身站,硬地球場, 籃球場, 網球場, 緩跑徑/健身徑, 模型船池",/facilities/pi-basketball.png,Active
341,東區,英皇道遊樂場,北角英皇道,,"兒童遊樂場,滾軸溜冰場",/facilities/pi-basketball.png,Active
342,東區,北角海濱花園,香港北角渡輪碼頭,,公園,/facilities/pi-basketball.png,Active
343,東區,鰂魚涌公園,鰂魚涌近海堤街,https://www.map.gov.hk/gm/gmid/nZArw8Lcn4?lg=tc,"公園, 共融遊樂設施,長者健身園地, 草地球場, 網球場, 籃球場, 單車徑/場, 緩跑徑/健身徑",/facilities/pi-basketball.png,Active
344,東區,鰂魚涌海濱花園,鰂魚涌海裕街,,狗公園/寵物公園,/facilities/pi-basketball.png,Active
345,東區,新廈街遊樂場,新廈街,,"公園,長者健身園地",/facilities/pi-basketball.png,Active
381,油尖旺,九龍公園,尖沙咀柯士甸道22號,https://www.map.gov.hk/gm/gmid/fJjRzFzbeH?lg=tc ,"露天劇場,手球場,硬地球場,緩跑徑/健身徑,公園",/facilities/pi-basketball.png,Active
382,油尖旺,中間道兒童遊樂場,九龍尖沙咀中間道,https://www.map.gov.hk/gm/gmid/NoqFVkXgYs?lg=tc ,共融遊樂設施,/facilities/pi-basketball.png,Active
383,油尖旺,西九龍海濱長廊,西九龍填海區 (九龍柯士甸道西/雅翔道交界),,"公園, 單車徑/場",/facilities/pi-basketball.png,Active
384,油尖旺,櫻桃街公園,九龍旺角櫻桃街1號,https://www.map.gov.hk/gm/gmid/eP7Dau4kwi?lg=tc,"共融遊樂設施,長者健身園地,健身園地,露天劇場,草地球場,緩跑徑/健身徑,網球場,排球場",/facilities/pi-basketball.png,Active
385,油尖旺,園圃街雀鳥花園,旺角園圃街,,公園,/facilities/pi-basketball.png,Active
386,油尖旺,聯運街休憩處,旺角聯運街,,健身園地,/facilities/md-sports-gymnastics.jpeg,Active
396,油尖旺,京士柏休憩花園,油麻地京士柏道,,"健身園地,長者健身園地",/facilities/md-sports-gymnastics.jpeg,Active
421,南區,淺水灣泳灘,淺水灣海灘道,,健身園地,/facilities/md-sports-gymnastics.jpeg,Active
415,南區,鴨脷洲海濱長廊,香港鴨脷洲鴨脷洲大街,,"狗公園/寵物公園,共融遊樂設施,寵物共享公園,休憩處",/facilities/pi-basketball.png,Active
416,南區,淺水灣海灘兒童遊樂場,香港淺水灣泳灘道16號,https://www.map.gov.hk/gm/gmid/hkuJPLHd94?lg=tc,共融遊樂設施,/facilities/pi-basketball.png,Active
417,南區,鴨脷洲風之塔公園,香港鴨脷洲利枝道,,"露天劇場,公園,長者健身園地",/facilities/pi-basketball.png,Active
414,南區,鴨脷洲公園,香港鴨脷洲鴨脷洲大街,https://www.map.gov.hk/gm/gmid/0YahZlMnkD?lg=tc,"寵物共享公園, 共融遊樂設施",/facilities/md-pets.jpeg,Active
418,南區,洪聖街休憩花園,鴨脷洲惠風街,,寵物共享公園,/facilities/md-pets.jpeg,Active
419,南區,新八間休憩處,赤柱黄蔴角道,,寵物共享公園,/facilities/md-pets.jpeg,Active
420,南區,瀑布灣公園,華富邨瀑布灣道,,"寵物共享公園,長者健身園地",/facilities/md-pets.jpeg,Active
443,荃灣,照潭徑花園,荃灣照潭徑,,"健身園地,長者健身園地",/facilities/md-sports-gymnastics.jpeg,Active
444,荃灣,圓環公園,荃灣花園青山公路-荃灣段,,"健身園地,長者健身園地",/facilities/md-sports-gymnastics.jpeg,Active
445,荃灣,海安路遊樂場,荃灣海安路,,健身園地,/facilities/md-sports-gymnastics.jpeg,Active
438,粉嶺,孔嶺兒童遊樂場,新界粉嶺孔嶺村,,"兒童遊樂場,健體園灺",/facilities/pi-basketball.png,Active
439,粉嶺,一鳴路公園,粉嶺一鳴路與百和路交界,,"狗公園/寵物公園,健體園灺,緩跑徑/健身徑,共融遊樂設施,兒童遊樂場",/facilities/pi-basketball.png,Active
440,荃灣,城門谷公園,荃灣石圍角邨城門道21號,https://www.map.gov.hk/gm/gmid/K3dGu4TbGo?lg=tc,"共融遊樂設施,長者健身園地,公園, 硬地球場, 網球場, 籃球場, 排球場, 手球場",/facilities/pi-basketball.png,Active
441,荃灣,荃灣公園,荃灣永順街59號,https://map.gov.hk/gm/gmid/jebQerJrxW?lg=tc ,"公園,共融遊樂設施,長者健身園地,健身園地,露天劇場,單車徑/場,狗公園/寵物公園,門球場,緩跑徑/健身徑,網球場",/facilities/pi-basketball.png,Active
442,荃灣,荃灣海濱公園,荃灣怡康街2A號,,"公園,長者健身園地, 草地球場, 網球場, 籃球場, 排球場, 門球場",/facilities/pi-basketball.png,Active
446,荃灣,國瑞路公園,荃灣國瑞路,,"健身園地,長者健身園地",/facilities/md-sports-gymnastics.jpeg,Active
447,荃灣,深慈街遊樂場,荃灣深井深慈街,,"健身園地,長者健身園地",/facilities/md-sports-gymnastics.jpeg,Active
448,荃灣,荃景圍遊樂場,荃灣荃景圍,,"健身園地,長者健身園地",/facilities/md-sports-gymnastics.jpeg,Active
479,深水埗,長沙灣道／長順街遊樂場,長沙灣長沙灣道及長順街交界,,"健身園地,長者健身園地",/facilities/md-sports-gymnastics.jpeg,Active
480,深水埗,長沙灣體育館外兒童遊樂場,長沙灣長沙灣道與興華街交界,,"健身園地,長者健身園地",/facilities/md-sports-gymnastics.jpeg,Active
482,深水埗,荔枝角公園,荔枝角荔灣道1號,,"健身園地,長者健身園地",/facilities/md-sports-gymnastics.jpeg,Active
470,深水埗,深水埗公園,九龍荔枝角道733號,https://www.map.gov.hk/gm/gmid/ndGIF2Dhkh?lg=tc,"共融遊樂設施, 籃球場, 緩跑徑/健身徑",/facilities/pi-basketball.png,Active
471,深水埗,歌和老街公園,九龍塘歌和老街17號,,"公園, 緩跑徑/健身徑",/facilities/pi-basketball.png,Active
472,深水埗,荔枝角公園,荔枝角荔灣道1號,https://map.gov.hk/gm/gmid/wpAN17dM0g?lg=tc,"共融遊樂設施,露天劇場,籃球場,門球場,手球場,硬地球場,緩跑徑/健身徑,公園,滑板場,網球場,排球場",/facilities/pi-basketball.png,Active
474,深水埗,南昌公園,九龍深旺道20號,https://www.map.gov.hk/gm/gmid/areSw6Rl3I?lg=tc,"共融遊樂設施,長者健身園地,健身園地",/facilities/pi-basketball.png,Active
475,深水埗,石硤尾公園,深水埗南昌街270號,,"公園, 長者健身園地,草地球場, 硬地球場, 籃球場, 網球場, 欖球場, 緩跑徑/健身徑",/facilities/pi-basketball.png,Active
476,深水埗,棠蔭街山邊休憩處,石硤尾棠蔭街,,"狗公園/寵物公園,長者健身園地,休憩處",/facilities/pi-basketball.png,Active
473,深水埗,龍翔道眺望處,龍翔道,,寵物共享公園,/facilities/md-pets.jpeg,Active
477,深水埗,永康街休憩花園,永康街,,寵物共享公園,/facilities/md-pets.jpeg,Active
498,深水埗,通州街公園,深水埗通州街163號,,"健身園地,長者健身園地",/facilities/md-sports-gymnastics.jpeg,Active
512,黃大仙,彩虹道遊樂場,新蒲崗彩虹道150號,,"健身園地,長者健身園地",/facilities/md-sports-gymnastics.jpeg,Active
500,黃大仙,鳳德公園,九龍黃大仙鳳德道42號,https://map.gov.hk/gm/gmid/4WX0os0I1H?lg=tc,"公園, 共融遊樂設施,長者健身園地",/facilities/pi-basketball.png,Active
503,黃大仙,獅子山公園,九龍黃大仙竹園道,https://www.map.gov.hk/gm/gmid/P5fuf2N5u4?lg=tc,"公園, 共融遊樂設施,長者健身園地",/facilities/pi-basketball.png,Active
504,黃大仙,南蓮園池,黃大仙鑽石山鳳德道60號,,公園,/facilities/pi-basketball.png,Active
505,黃大仙,牛池灣公園,黃大仙牛池灣豐盛街71號,,"公園, 長者健身園地,射箭場, 籃球場",/facilities/pi-basketball.png,Active
506,黃大仙,蒲崗村道 / 崇華街休憩處,蒲崗村道 / 崇華街交界,,狗公園/寵物公園,/facilities/pi-basketball.png,Active
507,黃大仙,崇齡街遊樂場,黃大仙新蒲崗崇齡街,,"兒童遊樂場,長者健體園地",/facilities/pi-basketball.png,Active
508,黃大仙,馬仔坑遊樂場,黃大仙馬仔坑道30號,,健身站,/facilities/pi-basketball.png,Active
509,黃大仙,牛池灣公園,黃大仙牛池灣豐盛街71號,,健身站,/facilities/pi-basketball.png,Active
510,黃大仙,蒲崗村道公園,鑽石山蒲崗村道140號,,健身站,/facilities/pi-basketball.png,Active
511,黃大仙,慈雲山邨配水庫遊樂場,慈雲山樂華街,,健身站,/facilities/pi-basketball.png,Active
531,葵青,中葵涌公園,葵涌新葵街,,"公園, 長者健身園地, 硬地球場, 籃球場, 排球場, 緩跑徑/健身徑",/facilities/pi-basketball.png,Active
535,葵青,石蔭梨木道公園,新界葵涌梨木道,https://www.map.gov.hk/gm/gmid/JlAMLvnFuh?lg=tc ,"共融遊樂設施,長者健身園地, 緩跑徑/健身徑",/facilities/pi-basketball.png,Active
536,葵青,葵涌新區公園,新界葵涌大窩口道,https://www.map.gov.hk/gm/gmid/nnqxRWjebW?lg=tc ,"共融遊樂設施,長者健身園地, 露天劇場,門球場,戶外乒乓球檯",/facilities/pi-basketball.png,Active
501,黃大仙,金鳳街休憩處,黃大仙，金鳳街,,"寵物共享公園,長者健身園地",/facilities/md-pets.jpeg,Active
502,黃大仙,景福街休憩處,黃大仙，景福街,,"寵物共享公園,長者健身園地",/facilities/md-pets.jpeg,Active
532,葵青,長輝路海濱花園,青衣長輝路,,寵物共享公園,/facilities/md-pets.jpeg,Active
533,葵青,賽馬會葵盛圍休憩處,葵涌葵盛圍,,寵物共享公園,/facilities/md-pets.jpeg,Active
534,葵青,葵喜街休憩處,葵涌葵福路,,寵物共享公園,/facilities/md-pets.jpeg,Active
537,葵青,石貝街花園,葵涌石貝街,,寵物共享公園,/facilities/md-pets.jpeg,Active
538,葵青,青衣東北公園,青衣担杆山路10號,https://www.map.gov.hk/gm/gmid/mmUuxFQDGX?lg=tc ,"共融遊樂設施, 長者健身園地,健身園地, 草地球場, 籃球場, 排球場, 門球場, 單車徑/場, 滑板場, 緩跑徑/健身徑",/facilities/pi-basketball.png,Active
540,葵青,涌美路休憩處,青衣涌美路,,健身園地,/facilities/md-sports-gymnastics.jpeg,Active
541,葵青,荔景山路遊樂場,葵涌荔景山路,,"健身園地,長者健身園地",/facilities/md-sports-gymnastics.jpeg,Active
542,葵青,盛芳街兒童遊樂場,葵涌盛芳街,,"健身園地,長者健身園地",/facilities/md-sports-gymnastics.jpeg,Active
543,葵青,大窩口道遊樂場,葵涌大窩口道,,健身園地,/facilities/md-sports-gymnastics.jpeg,Active
544,葵青,大窩口道南遊樂場,葵涌大窩口道,,健身園地,/facilities/md-sports-gymnastics.jpeg,Active
545,葵青,大王下遊樂場,青衣楓樹窩路,,"健身園地,長者健身園地",/facilities/md-sports-gymnastics.jpeg,Active
576,離島,坪洲手指山休憩處,坪洲手指山,,健身園地,/facilities/md-sports-gymnastics.jpeg,Active
577,離島,索罟灣遊樂場,南丫島索罟灣,,"健身園地,長者健身園地",/facilities/md-sports-gymnastics.jpeg,Active
578,離島,達東路花園,東涌達東路,,健身園地,/facilities/md-sports-gymnastics.jpeg,Active
579,離島,東涌52區,東涌東涌海濱路,,"健身園地,長者健身園地",/facilities/md-sports-gymnastics.jpeg,Active
580,離島,東涌北公園,東涌文東路29號,,健身園地,/facilities/md-sports-gymnastics.jpeg,Active
571,離島,梅窩銀河花園,大嶼山梅窩銀石街,,"露天劇場,公園,長者健身園地",/facilities/pi-basketball.png,Active
573,離島,大菜園花園,長洲大菜園路,,門球場,/facilities/pi-basketball.png,Active
574,離島,東涌北公園,東涌文東路29號,https://www.map.gov.hk/gm/gmid/XJtP9Khs5q?lg=tc,"共融遊樂設施,長者健身園地",/facilities/pi-basketball.png,Active
575,離島,文東路公園,新界東涌文東路55號,https://www.map.gov.hk/gm/gmid/NqIB0BRDi3?lg=tc,"共融遊樂設施, 長者健身園地, 草地球場, 籃球場, 排球場",/facilities/pi-basketball.png,Active
570,離島,思高路花園,長洲思高路,,"寵物共享公園,健身園地",/facilities/md-pets.jpeg,Active
572,離島,坪利路休憩處,坪洲坪利路,,"寵物共享公園,健身園地",/facilities/md-pets.jpeg,Active
595,灣仔,寶雲道花園,灣仔寶雲道,,"狗公園/寵物公園,花園,寵物共享公園",/facilities/pi-basketball.png,Active
596,灣仔,寶雲道公園,灣仔寶雲道,,"狗公園/寵物公園,寵物共享公園,公園",/facilities/pi-basketball.png,Active
597,灣仔,東岸公園 (第一期),東岸公園 (第一期),,公園,/facilities/pi-basketball.png,Active
598,灣仔,銅鑼灣花園,灣仔告士打道,,"公園,長者健身園地",/facilities/pi-basketball.png,Active
599,灣仔,維多利亞公園,銅鑼灣興發街一號,https://www.map.gov.hk/gm/gmid/miZxcmDeKy?lg=tc ,"公園,共融遊樂設施,長者健身園地,露天劇場,籃球場,草地滾球場,硬地球場,緩跑徑/健身徑,模型船池,網球場",/facilities/pi-basketball.png,Active
600,灣仔,灣仔公園,香港灣仔普樂里,https://www.map.gov.hk/gm/gmid/oUsLVYiPiw?lg=tc,"公園,共融遊樂設施,長者健身園地",/facilities/pi-basketball.png,Active
601,灣仔,灣仔峽公園,香港灣仔半山區甘道,,"共融遊樂設施,長者健身園地,健體園灺,小食亭",/facilities/pi-basketball.png,Active
602,灣仔,灣仔峽公園,灣仔司徒拔道,,"狗公園/寵物公園,寵物共享公園,公園",/facilities/pi-basketball.png,Active
603,灣仔,黃泥涌道新月花園,香港跑馬地黃泥涌道,https://www.map.gov.hk/gm/gmid/vhrz4OouUm?lg=tc,"公園, 共融遊樂設施,長者健身園地",/facilities/pi-basketball.png,Active
604,灣仔,寶雲道健身徑,灣仔寶雲道,,健身站,/facilities/pi-basketball.png,Active
605,灣仔,跑馬地遊樂場,香港跑馬地體育道,,健身園地,/facilities/md-sports-gymnastics.jpeg,Active
619,觀塘,觀塘上配水庫花園,觀塘佐敦谷,,"健身園地,長者健身園地",/facilities/md-sports-gymnastics.jpeg,Active
620,觀塘,觀塘海濱花園,觀塘海濱道80號,,"健身園地,長者健身園地",/facilities/md-sports-gymnastics.jpeg,Active
621,觀塘,藍田綜合大樓(天台花園),觀塘藍田慶田街1號藍田綜合大樓,,"健身園地,長者健身園地",/facilities/md-sports-gymnastics.jpeg,Active
622,觀塘,新清水灣道休憩處,觀塘新清水灣道,,健身園地,/facilities/md-sports-gymnastics.jpeg,Active
623,觀塘,坪石遊樂場,觀塘新清水灣道20號,,"健身園地,長者健身園地",/facilities/md-sports-gymnastics.jpeg,Active
624,觀塘,晒草灣遊樂場,觀塘藍田茜發道90號,,"健身園地,長者健身園地",/facilities/md-sports-gymnastics.jpeg,Active
614,觀塘,佐敦谷公園,觀塘新清水灣道71號,,"公園,長者健身園地,健身園地,模型車場,緩跑徑/健身徑",/facilities/pi-basketball.png,Active
625,觀塘,秀明道公園,觀塘秀茂坪秀明道20號,,"健身園地,長者健身園地",/facilities/md-sports-gymnastics.jpeg,Active
626,觀塘,順利邨遊樂場,觀塘順利邨利安道,,"健身園地,長者健身園地",/facilities/md-sports-gymnastics.jpeg,Active
617,觀塘,偉樂街臨時足球場,九龍觀塘偉業街與偉樂街交界(近麗港公園),,草地球場,/facilities/pi-basketball.png,Active
618,觀塘,麗港公園,觀塘麗港城茶果嶺道,,健身站,/facilities/pi-basketball.png,Active
613,觀塘,月華街遊樂場,九龍觀塘月華街,https://www.map.gov.hk/gm/gmid/Nlr9dF0fqQ?lg=tc,"寵物共享公園,共融遊樂設施,長者健身園地",/facilities/md-pets.jpeg,Active
11,九龍城,亞皆老街遊樂場,九龍城亞皆老街,,長者健身園地,/facilities/md-elderly.jpeg,Active
12,九龍城,廣播道花園,九龍塘畢架山廣播道63號,,長者健身園地,/facilities/md-elderly.jpeg,Active
13,九龍城,廣播道遊樂場,九龍塘畢架山廣播道1號,,長者健身園地,/facilities/md-elderly.jpeg,Active
53,大埔,鳳園遊樂場,大埔汀角路鳳園村,,長者健身園地,/facilities/md-elderly.jpeg,Active
377,東區,糖水道花園,北角糖水道,,長者健身園地,/facilities/md-elderly.jpeg,Active
221,屯門,屯門青洋休憩花園,屯門青翠俓,,長者健身園地,/facilities/md-elderly.jpeg,Active
14,九龍城,迦密村街花園,何文田迦密村街,,長者健身園地,/facilities/md-elderly.jpeg,Active
15,九龍城,賈炳達道公園,九龍城賈炳達道,,長者健身園地,/facilities/md-elderly.jpeg,Active
16,九龍城,忠孝街休憩處,何文田忠孝街,,長者健身園地,/facilities/md-elderly.jpeg,Active
17,九龍城,忠義街花園,何文田忠義街,,長者健身園地,/facilities/md-elderly.jpeg,Active
18,九龍城,雅息士道休憩花園,九龍塘雅息士道,,長者健身園地,/facilities/md-elderly.jpeg,Active
19,九龍城,佛光街休憩處,紅磡佛光街,,長者健身園地,/facilities/md-elderly.jpeg,Active
20,九龍城,何文田上配水庫遊樂場,何文田何文田上配水庫,,長者健身園地,/facilities/md-elderly.jpeg,Active
21,九龍城,何文田山道休憩花園,何文田何文田山道,,長者健身園地,/facilities/md-elderly.jpeg,Active
22,九龍城,和黃公園,紅磡戴亞街,,長者健身園地,/facilities/md-elderly.jpeg,Active
23,九龍城,聯合道公園,九龍城聯合道195號,,長者健身園地,/facilities/md-elderly.jpeg,Active
24,九龍城,靠背壟道遊樂場,土瓜灣江西街樂民新村E座,,長者健身園地,/facilities/md-elderly.jpeg,Active
25,九龍城,景雲街遊樂場,九龍土瓜灣景雲街,,長者健身園地,/facilities/md-elderly.jpeg,Active
26,九龍城,高山道公園,紅墈高山道77號,,長者健身園地,/facilities/md-elderly.jpeg,Active
27,九龍城,九龍仔公園,九龍城延文禮士道13號,,長者健身園地,/facilities/md-elderly.jpeg,Active
28,九龍城,龍翔道遊樂場,九龍塘畢架山畢架山道,,長者健身園地,/facilities/md-elderly.jpeg,Active
29,九龍城,馬頭圍配水庫遊樂場,何文田馬頭圍配水庫,,長者健身園地,/facilities/md-elderly.jpeg,Active
30,九龍城,文福道花園,何文田文福道,,長者健身園地,/facilities/md-elderly.jpeg,Active
31,九龍城,世運花園,九龍城太子道西及馬頭涌道交界,,長者健身園地,/facilities/md-elderly.jpeg,Active
32,九龍城,培正道休憩花園,何文田培正道,,長者健身園地,/facilities/md-elderly.jpeg,Active
33,九龍城,差館里休憩處,紅磡機利士南路/差館里,,長者健身園地,/facilities/md-elderly.jpeg,Active
34,九龍城,華信街休憩處,紅磡華信街,,長者健身園地,/facilities/md-elderly.jpeg,Active
35,九龍城,溫思勞街遊樂場,紅磡溫思勞街,,長者健身園地,/facilities/md-elderly.jpeg,Active
44,大埔,寨乪兒童遊樂場,大埔寨乪路寨乪村,,長者健身園地,/facilities/md-elderly.jpeg,Active
45,大埔,樟樹灘兒童遊樂場,大埔馬料水大埔道樟樹灘村,,長者健身園地,/facilities/md-elderly.jpeg,Active
46,大埔,祠堂村兒童遊樂場,大埔大窩西支路祠堂村,,長者健身園地,/facilities/md-elderly.jpeg,Active
47,大埔,全安路花園,大埔富亨邨全安路,,長者健身園地,/facilities/md-elderly.jpeg,Active
48,大埔,翠樂街花園,大埔翠樂街,,長者健身園地,/facilities/md-elderly.jpeg,Active
49,大埔,頌雅路兒童遊樂場,大埔頌雅路,,長者健身園地,/facilities/md-elderly.jpeg,Active
50,大埔,中心圍兒童遊樂場,大埔大窩西支路中心圍,,長者健身園地,/facilities/md-elderly.jpeg,Active
51,大埔,鍾屋村遊樂場,大埔林錦公路鍾屋村,,長者健身園地,/facilities/md-elderly.jpeg,Active
52,大埔,放馬莆兒童遊樂場,大埔林錦公路放馬莆,,長者健身園地,/facilities/md-elderly.jpeg,Active
54,大埔,下坑村休憩處,大埔汀角路下坑村,,長者健身園地,/facilities/md-elderly.jpeg,Active
55,大埔,錦石新村遊樂場,大埔錦山路錦石新村,,長者健身園地,/facilities/md-elderly.jpeg,Active
56,大埔,九龍坑遊樂場,大埔大窩西支路九龍坑村,,長者健身園地,/facilities/md-elderly.jpeg,Active
57,大埔,廣福橋花園,大埔大埔墟普益街,,長者健身園地,/facilities/md-elderly.jpeg,Active
58,大埔,廣南休憩處,大埔南運路,,長者健身園地,/facilities/md-elderly.jpeg,Active
59,大埔,龍尾村花園,大埔汀角路龍尾村,,長者健身園地,/facilities/md-elderly.jpeg,Active
60,大埔,馬窩休憩處,大埔馬窩村,,長者健身園地,/facilities/md-elderly.jpeg,Active
61,大埔,梅樹坑遊樂場,大埔梅樹坑路,,長者健身園地,/facilities/md-elderly.jpeg,Active
62,大埔,泥涌休憩處,大埔西貢北泥涌,,長者健身園地,/facilities/md-elderly.jpeg,Active
63,大埔,南華莆遊樂場,大埔林村大窩西支路南華莆,,長者健身園地,/facilities/md-elderly.jpeg,Active
64,大埔,南運路休憩處,大埔南運路,,長者健身園地,/facilities/md-elderly.jpeg,Active
65,大埔,白石角海濱長廊,大埔白石角,,長者健身園地,/facilities/md-elderly.jpeg,Active
66,大埔,坪朗遊樂場,大埔林村大菴路坪朗村,,長者健身園地,/facilities/md-elderly.jpeg,Active
67,大埔,大埔寶湖六鄉遊樂場,大埔同茂坊,,長者健身園地,/facilities/md-elderly.jpeg,Active
68,大埔,西徑村休憩處,大埔西貢西沙路西徑村,,長者健身園地,/facilities/md-elderly.jpeg,Active
69,大埔,三門仔兒童遊樂場,大埔三門仔路三門仔村,,長者健身園地,/facilities/md-elderly.jpeg,Active
70,大埔,新屋家休憩處,大埔碗窰路新屋家村,,長者健身園地,/facilities/md-elderly.jpeg,Active
71,大埔,新屋仔兒童遊樂場,大埔林村林錦公路新屋仔村,,長者健身園地,/facilities/md-elderly.jpeg,Active
72,大埔,山塘新村花園,大埔山塘路山塘新村,,長者健身園地,/facilities/md-elderly.jpeg,Active
73,大埔,社山村兒童遊樂場,大埔林村社山路社山村,,長者健身園地,/facilities/md-elderly.jpeg,Active
74,大埔,船灣桐梓兒童遊樂場,大埔船灣洞梓路,,長者健身園地,/facilities/md-elderly.jpeg,Active
75,大埔,水窩村休憩處,大埔林村大陽輋路水窩村,,長者健身園地,/facilities/md-elderly.jpeg,Active
76,大埔,泰亨灰沙圍遊樂場,大埔林村大窩西支路泰亨灰沙圍,,長者健身園地,/facilities/md-elderly.jpeg,Active
77,大埔,大菴兒童遊樂場,大埔林村大菴路大菴村,,長者健身園地,/facilities/md-elderly.jpeg,Active
78,大埔,大埔中休憩處,大埔安邦路8號,,長者健身園地,/facilities/md-elderly.jpeg,Active
79,大埔,大埔中央廣場,大埔大元邨安埔路,,長者健身園地,/facilities/md-elderly.jpeg,Active
80,大埔,大埔滘花園,大埔大埔道大埔滘段,,長者健身園地,/facilities/md-elderly.jpeg,Active
81,大埔,大埔滘新圍遊樂場,大埔大埔滘新圍大埔道新圍村,,長者健身園地,/facilities/md-elderly.jpeg,Active
82,大埔,大埔舊墟遊樂場,大埔八號花園安浩里,,長者健身園地,/facilities/md-elderly.jpeg,Active
83,大埔,大埔頭遊樂場,大埔大埔頭大埔頭徑,,長者健身園地,/facilities/md-elderly.jpeg,Active
84,大埔,大埔頭路休憩處,大埔大埔頭路,,長者健身園地,/facilities/md-elderly.jpeg,Active
85,大埔,汀角路休憩處,大埔汀角路 （近汀雅苑）,,長者健身園地,/facilities/md-elderly.jpeg,Active
87,大埔,汀太路兒童遊樂場,大埔汀太路,,長者健身園地,/facilities/md-elderly.jpeg,Active
88,大埔,塘面村遊樂場,大埔林村林錦公路塘面村,,長者健身園地,/facilities/md-elderly.jpeg,Active
89,大埔,井頭村休憩處,大埔西沙路井頭村,,長者健身園地,/facilities/md-elderly.jpeg,Active
90,大埔,洞梓山路花園,大埔洞梓山路,,長者健身園地,/facilities/md-elderly.jpeg,Active
91,大埔,圍頭村遊樂場,大埔林村大窩西支路圍頭村,,長者健身園地,/facilities/md-elderly.jpeg,Active
92,大埔,運頭角遊樂場,大埔大埔墟運頭角里,,長者健身園地,/facilities/md-elderly.jpeg,Active
93,大埔,黃魚灘兒童遊樂場,大埔汀角路黃魚灘村,,長者健身園地,/facilities/md-elderly.jpeg,Active
94,大埔,營盤下休憩處,大埔大埔頭路營盤下村,,長者健身園地,/facilities/md-elderly.jpeg,Active
95,大埔,魚角村休憩處,大埔汀角路魚角村,,長者健身園地,/facilities/md-elderly.jpeg,Active
97,大埔,榕樹村兒童遊樂場,大埔塔門榕樹村,,長者健身園地,/facilities/md-elderly.jpeg,Active
119,中西區,蒲魯賢徑臨時遊樂場,半山蒲魯賢徑,,長者健身園地,/facilities/md-elderly.jpeg,Active
120,中西區,加多近街花園,西環堅尼地城加多近街與域多利道交界,,長者健身園地,/facilities/md-elderly.jpeg,Active
121,中西區,堅巷花園,上環堅巷,,長者健身園地,/facilities/md-elderly.jpeg,Active
122,中西區,克頓道休憩處,半山克頓道,,長者健身園地,/facilities/md-elderly.jpeg,Active
123,中西區,山道休憩花園,西環石塘咀山道與南里交界,,長者健身園地,/facilities/md-elderly.jpeg,Active
124,中西區,荷李活道公園,上環荷李活道近竹連里,,長者健身園地,/facilities/md-elderly.jpeg,Active
125,中西區,香港動植物公園,中環雅賓利道,,長者健身園地,/facilities/md-elderly.jpeg,Active
126,中西區,加惠民道花園,西環堅尼地城加惠民道,,長者健身園地,/facilities/md-elderly.jpeg,Active
127,中西區,堅尼地道遊樂場,半山堅尼地道,,長者健身園地,/facilities/md-elderly.jpeg,Active
128,中西區,堅尼地城遊樂場,西環堅尼地城科士街與士美非路交界,,長者健身園地,/facilities/md-elderly.jpeg,Active
129,中西區,香港佐治五世紀念公園,西環西營盤東邊街與高街交界,,長者健身園地,/facilities/md-elderly.jpeg,Active
130,中西區,李陞街遊樂場,西環西營盤李陞街,,長者健身園地,/facilities/md-elderly.jpeg,Active
131,中西區,百子里公園,中環百子里,,長者健身園地,/facilities/md-elderly.jpeg,Active
132,中西區,玫瑰里兒童遊樂場,西環西營盤玫瑰里,,長者健身園地,/facilities/md-elderly.jpeg,Active
133,中西區,西寧街花園,西環堅尼地城西寧街,,長者健身園地,/facilities/md-elderly.jpeg,Active
134,中西區,西安里兒童遊樂場,西環石塘咀西安里,,長者健身園地,/facilities/md-elderly.jpeg,Active
135,中西區,士美非路休憩處,西環堅尼地城科士街東,,長者健身園地,/facilities/md-elderly.jpeg,Active
136,中西區,中山紀念公園,西環西營盤東邊街北,,長者健身園地,/facilities/md-elderly.jpeg,Active
137,中西區,第三街遊樂場,西環西營盤第三街近由義里,,長者健身園地,/facilities/md-elderly.jpeg,Active
138,中西區,華安里休憩處,中環鴨巴甸街華安里,,長者健身園地,/facilities/md-elderly.jpeg,Active
139,中西區,城西公園,半山列堤頓道與屋蘭士里交界,,長者健身園地,/facilities/md-elderly.jpeg,Active
140,中西區,屈地街兒童遊樂場,西環石塘咀屈地街,,長者健身園地,/facilities/md-elderly.jpeg,Active
141,中西區,卜公花園,上環普慶坊,,長者健身園地,/facilities/md-elderly.jpeg,Active
148,元朗,長埔村遊樂場,元朗八鄉長埔村,,長者健身園地,/facilities/md-elderly.jpeg,Active
152,元朗,俊賢坊遊樂場,元朗俊賢坊,,長者健身園地,/facilities/md-elderly.jpeg,Active
153,元朗,龍園,元朗天水圍嘉湖山莊美湖居天龍路,,長者健身園地,/facilities/md-elderly.jpeg,Active
154,元朗,灰沙圍遊樂場,元朗屏山青山公路-屏山段灰沙圍,,長者健身園地,/facilities/md-elderly.jpeg,Active
155,元朗,鳳香街休憩處,元朗鳳香街,,長者健身園地,/facilities/md-elderly.jpeg,Active
156,元朗,鳳群街花園,元朗鳳群街,,長者健身園地,/facilities/md-elderly.jpeg,Active
157,元朗,蝦尾村休憩處,元朗蝦尾新村,,長者健身園地,/facilities/md-elderly.jpeg,Active
158,元朗,洪德路休憩處,元朗洪水橋洪德路,,長者健身園地,/facilities/md-elderly.jpeg,Active
159,元朗,錦田街市遊樂場,元朗錦田錦田路,,長者健身園地,/facilities/md-elderly.jpeg,Active
160,元朗,錦田波地遊樂場,元朗錦田波地路,,長者健身園地,/facilities/md-elderly.jpeg,Active
161,元朗,吉慶圍遊樂場,元朗錦田錦田路吉慶圍,,長者健身園地,/facilities/md-elderly.jpeg,Active
162,元朗,建德街遊樂場,元朗建德街,,長者健身園地,/facilities/md-elderly.jpeg,Active
163,元朗,高埔遊樂場,元朗錦田高埔路,,長者健身園地,/facilities/md-elderly.jpeg,Active
164,元朗,流浮山遊樂場,元朗流浮山,,長者健身園地,/facilities/md-elderly.jpeg,Active
165,元朗,麗湖休憩處,天水圍天葵路,,長者健身園地,/facilities/md-elderly.jpeg,Active
166,元朗,馬鞍崗花園,元朗八鄉馬鞍崗,,長者健身園地,/facilities/md-elderly.jpeg,Active
167,元朗,炮仗坊遊樂場,元朗炮仗坊,,長者健身園地,/facilities/md-elderly.jpeg,Active
168,元朗,屏柏里公園,元朗屏山屏柏里,,長者健身園地,/facilities/md-elderly.jpeg,Active
169,元朗,西菁街網球場,元朗西菁街6號,,長者健身園地,/facilities/md-elderly.jpeg,Active
170,元朗,山貝涌口休憩處No2,元朗十八鄉山貝涌,,長者健身園地,/facilities/md-elderly.jpeg,Active
171,元朗,石埗村遊樂場,元朗廈村石埗路石埗村,,長者健身園地,/facilities/md-elderly.jpeg,Active
172,元朗,水蕉老圍遊樂場,元朗十八鄉水蕉老圍,,長者健身園地,/facilities/md-elderly.jpeg,Active
173,元朗,水蕉新村路休憩處,元朗十八鄉水蕉新村路,,長者健身園地,/facilities/md-elderly.jpeg,Active
174,元朗,大陂頭休憩花園,元朗大陂頭徑,,長者健身園地,/facilities/md-elderly.jpeg,Active
175,元朗,天澤邨長者健體設施,元朗天水圍天澤邨,,長者健身園地,/facilities/md-elderly.jpeg,Active
176,元朗,天恒邨長者健體設施,元朗天水圍天恒邨,,長者健身園地,/facilities/md-elderly.jpeg,Active
177,元朗,天河路遊樂場,元朗天水圍天盛苑天河路,,長者健身園地,/facilities/md-elderly.jpeg,Active
178,元朗,天柏路公園,元朗天水圍嘉湖山莊景湖居天栢路,,長者健身園地,/facilities/md-elderly.jpeg,Active
179,元朗,天秀路公園,元朗天水圍天逸邨天秀路,,長者健身園地,/facilities/md-elderly.jpeg,Active
180,元朗,天瑞路公園,元朗天水圍天瑞(二)邨天瑞路,,長者健身園地,/facilities/md-elderly.jpeg,Active
181,元朗,天華邨長者健體設施,元朗天水圍天華邨,,長者健身園地,/facilities/md-elderly.jpeg,Active
182,元朗,天恩邨長者健體設施,元朗天水圍天恩邨,,長者健身園地,/facilities/md-elderly.jpeg,Active
183,元朗,唐人新村遊樂場,元朗屏山唐人新村路唐人新村,,長者健身園地,/facilities/md-elderly.jpeg,Active
184,元朗,東頭工業區遊樂場,元朗東頭工業區強業街,,長者健身園地,/facilities/md-elderly.jpeg,Active
185,元朗,橫台山遊樂場,元朗八鄉粉錦路橫台山,,長者健身園地,/facilities/md-elderly.jpeg,Active
186,元朗,永慶休憩處,元朗八鄉永慶圍,,長者健身園地,/facilities/md-elderly.jpeg,Active
187,元朗,楊屋新村休憩處,元朗楊屋新村,,長者健身園地,/facilities/md-elderly.jpeg,Active
188,元朗,元朗兒童遊樂場,元朗康樂路,,長者健身園地,/facilities/md-elderly.jpeg,Active
208,屯門,鍾屋花園,屯門鍾屋村,,長者健身園地,/facilities/md-elderly.jpeg,Active
210,屯門,鳳地花園,屯門青山公路鳳地,,長者健身園地,/facilities/md-elderly.jpeg,Active
211,屯門,海珠路遊樂場,屯門海珠路,,長者健身園地,/facilities/md-elderly.jpeg,Active
212,屯門,麒麟崗公眾公園,屯門青山公路三聖邨對面,,長者健身園地,/facilities/md-elderly.jpeg,Active
213,屯門,景峰兒童遊樂場,屯門青山公路景峰俓,,長者健身園地,/facilities/md-elderly.jpeg,Active
214,屯門,稔灣村兒童遊樂場,屯門稔灣村嘉和里山路,,長者健身園地,/facilities/md-elderly.jpeg,Active
215,屯門,石排頭休憩處,屯門石排頭路,,長者健身園地,/facilities/md-elderly.jpeg,Active
216,屯門,大興北休憩處,屯門青田路,,長者健身園地,/facilities/md-elderly.jpeg,Active
217,屯門,青河休憩花園,屯門青河坊,,長者健身園地,/facilities/md-elderly.jpeg,Active
218,屯門,青棉兒童遊樂場,屯門新墟青棉徑,,長者健身園地,/facilities/md-elderly.jpeg,Active
219,屯門,青善花園,屯門龍成花園青山公路,,長者健身園地,/facilities/md-elderly.jpeg,Active
220,屯門,青華球場,屯門青海圍,,長者健身園地,/facilities/md-elderly.jpeg,Active
222,屯門,青賢花園,屯門青賢街,,長者健身園地,/facilities/md-elderly.jpeg,Active
223,屯門,屯門河(東岸)花園,屯門河(東岸),,長者健身園地,/facilities/md-elderly.jpeg,Active
224,屯門,榮發里休憩處,屯門恆豐園榮發里,,長者健身園地,/facilities/md-elderly.jpeg,Active
225,屯門,仁愛廣場,屯門新墟啟民徑,,長者健身園地,/facilities/md-elderly.jpeg,Active
227,北區,新運路休憩處,新界粉嶺新運路73號,,"長者健身園地,健體園灺,休憩處",/facilities/md-elderly.jpeg,Active
235,北區,長瀝休憩處,上水唐公嶺長瀝村,,長者健身園地,/facilities/md-elderly.jpeg,Active
236,北區,粉嶺樓路遊樂場,粉嶺聯和墟粉嶺樓路,,長者健身園地,/facilities/md-elderly.jpeg,Active
238,北區,下担水坑第二號休憩處,沙頭角下担水坑村,,長者健身園地,/facilities/md-elderly.jpeg,Active
239,北區,雞嶺休憩處,上水清河邨與雞嶺村通道,,長者健身園地,/facilities/md-elderly.jpeg,Active
241,北區,料壆遊樂場,上水料壆村,,長者健身園地,/facilities/md-elderly.jpeg,Active
242,北區,聯和墟遊樂場,粉嶺聯和墟聯和道,,長者健身園地,/facilities/md-elderly.jpeg,Active
243,北區,文閣村休憩處,上水上水鄉文閣村,,長者健身園地,/facilities/md-elderly.jpeg,Active
244,北區,萬屋邊兒童遊樂場,沙頭角萬屋邊村,,長者健身園地,/facilities/md-elderly.jpeg,Active
245,北區,百福兒童遊樂場,上水百和路近蔚翠花園,,長者健身園地,/facilities/md-elderly.jpeg,Active
246,北區,百福田心遊樂場,粉嶺一嗚路42區,,長者健身園地,/facilities/md-elderly.jpeg,Active
247,北區,百和路遊樂場,上水百和路,,長者健身園地,/facilities/md-elderly.jpeg,Active
248,北區,坪洋村花園,打鼓嶺坪洋村,,長者健身園地,/facilities/md-elderly.jpeg,Active
249,北區,新屋村休憩處,粉嶺龍躍頭段新屋村,,長者健身園地,/facilities/md-elderly.jpeg,Active
250,北區,新運路花園,上水智昌路3號,,長者健身園地,/facilities/md-elderly.jpeg,Active
251,北區,沙頭角兒童遊樂場,沙頭角沙頭角邨順興街,,長者健身園地,/facilities/md-elderly.jpeg,Active
252,北區,上水花園第一號,上水龍琛路與智昌路交界,,長者健身園地,/facilities/md-elderly.jpeg,Active
253,北區,上水坑頭村休憩處,上水古洞坑頭村,,長者健身園地,/facilities/md-elderly.jpeg,Active
254,北區,上水坑頭村第二號休憩處,上水古洞坑頭村,,長者健身園地,/facilities/md-elderly.jpeg,Active
255,北區,上水鄉第六休憩處,上水上水圍鄉莆上村,,長者健身園地,/facilities/md-elderly.jpeg,Active
256,北區,上水鄉第九休憩處,上水上水圍鄉莆上村,,長者健身園地,/facilities/md-elderly.jpeg,Active
257,北區,上水遊樂場,上水上水圍鄉莆上村,,長者健身園地,/facilities/md-elderly.jpeg,Active
258,北區,上禾坑兒童遊樂場,沙頭角上禾坑,,長者健身園地,/facilities/md-elderly.jpeg,Active
260,北區,偉明街花園,粉嶺偉明街與百和路交界,,長者健身園地,/facilities/md-elderly.jpeg,Active
261,北區,永寧村休憩處,粉嶺龍躍頭永寧圍永寧村,,長者健身園地,/facilities/md-elderly.jpeg,Active
262,北區,和興遊樂場,粉嶺雷鳴路與華明路交界,,長者健身園地,/facilities/md-elderly.jpeg,Active
263,北區,和睦路遊樂場,粉嶺聯和墟和睦路,,長者健身園地,/facilities/md-elderly.jpeg,Active
264,北區,蝴蝶山休憩處,粉嶺華明路,,長者健身園地,/facilities/md-elderly.jpeg,Active
326,沙田,銀城街花園,沙田銀城街,,長者健身園地,/facilities/md-elderly.jpeg,Active
277,西貢,翠嶺里遊樂場,將軍澳調景嶺彩明街,,長者健身園地,/facilities/md-elderly.jpeg,Active
278,西貢,福民花園,西貢福民路,,長者健身園地,/facilities/md-elderly.jpeg,Active
279,西貢,坑口文曲里公園,將軍澳坑口文曲里6號,,長者健身園地,/facilities/md-elderly.jpeg,Active
280,西貢,滘西新村花園,西貢滘西新村近西貢公路,,長者健身園地,/facilities/md-elderly.jpeg,Active
281,西貢,萬宜遊樂場,西貢萬年街,,長者健身園地,/facilities/md-elderly.jpeg,Active
282,西貢,孟公屋休憩花園,西貢孟公屋近清水灣道,,長者健身園地,/facilities/md-elderly.jpeg,Active
283,西貢,貿泰路花園,將軍澳寶琳貿泰路,,長者健身園地,/facilities/md-elderly.jpeg,Active
284,西貢,茅湖仔足球場,將軍澳寶琳寶琳南路茅湖仔,,長者健身園地,/facilities/md-elderly.jpeg,Active
285,西貢,南山村休憩處,西貢南山村地段220,,長者健身園地,/facilities/md-elderly.jpeg,Active
286,西貢,白沙灣村花園,西貢公路白沙灣村,,長者健身園地,/facilities/md-elderly.jpeg,Active
287,西貢,菠蘿輋花園,西貢菠蘿輋路,,長者健身園地,/facilities/md-elderly.jpeg,Active
288,西貢,培成花園,將軍澳坑口培成路38號,,長者健身園地,/facilities/md-elderly.jpeg,Active
289,西貢,沙角尾遊樂場及花園,西貢沙角尾路沙角尾村,,長者健身園地,/facilities/md-elderly.jpeg,Active
290,西貢,沙咀遊樂場,西貢萬年街敬民街,,長者健身園地,/facilities/md-elderly.jpeg,Active
291,西貢,水邊村休憩處,將軍澳坑口寓安里水邊村,,長者健身園地,/facilities/md-elderly.jpeg,Active
292,西貢,銀線灣泳灘,清水灣清水灣道銀線灣,,長者健身園地,/facilities/md-elderly.jpeg,Active
293,西貢,伯多祿村花園,西貢伯多祿村,,長者健身園地,/facilities/md-elderly.jpeg,Active
294,西貢,躉場休憩處,西貢躉場,,長者健身園地,/facilities/md-elderly.jpeg,Active
295,西貢,唐明街公園,將軍澳唐明街,,長者健身園地,/facilities/md-elderly.jpeg,Active
296,西貢,唐明街休憩處,將軍澳唐明街,,長者健身園地,/facilities/md-elderly.jpeg,Active
297,西貢,魷魚灣兒童遊樂場,將軍澳坑口敬賢里魷魚灣村,,長者健身園地,/facilities/md-elderly.jpeg,Active
298,西貢,宜春街遊樂場,西貢宜春街,,長者健身園地,/facilities/md-elderly.jpeg,Active
314,沙田,亞公角街花園,沙田馬鞍山亞公角街,,長者健身園地,/facilities/md-elderly.jpeg,Active
315,沙田,積富街休憩花園,大圍積富街,,長者健身園地,/facilities/md-elderly.jpeg,Active
316,沙田,積福街休憩處,大圍積福街,,長者健身園地,/facilities/md-elderly.jpeg,Active
317,沙田,積泰里花園,沙田大圍積泰里,,長者健身園地,/facilities/md-elderly.jpeg,Active
318,沙田,恆輝街公園,沙田馬鞍山恆輝街,,長者健身園地,/facilities/md-elderly.jpeg,Active
319,沙田,恆明街休憩處,馬鞍山恆明街,,長者健身園地,/facilities/md-elderly.jpeg,Active
320,沙田,隔田遊樂場,沙田大圍隔田街,,長者健身園地,/facilities/md-elderly.jpeg,Active
321,沙田,崗背街休憩花園,沙田沙田圍崗背街,,長者健身園地,/facilities/md-elderly.jpeg,Active
322,沙田,瀝源街休憩花園,沙田瀝源邨瀝源街,,長者健身園地,/facilities/md-elderly.jpeg,Active
323,沙田,樂楓徑休憩花園,沙田樂楓徑,,長者健身園地,/facilities/md-elderly.jpeg,Active
324,沙田,馬鞍山遊樂場,馬鞍山恆康街1號,,長者健身園地,/facilities/md-elderly.jpeg,Active
325,沙田,美田路休憩處,大圍美田路,,長者健身園地,/facilities/md-elderly.jpeg,Active
327,沙田,牛皮沙街遊樂場,沙田第一城牛皮沙街,,長者健身園地,/facilities/md-elderly.jpeg,Active
328,沙田,安景街公園,沙田石門安景街,,長者健身園地,/facilities/md-elderly.jpeg,Active
329,沙田,安睦街花園,石門安睦街,,長者健身園地,/facilities/md-elderly.jpeg,Active
330,沙田,鞍誠街花園,馬鞍山鞍誠街,,長者健身園地,/facilities/md-elderly.jpeg,Active
331,沙田,石頭公園,沙田沙角邨沙角街,,長者健身園地,/facilities/md-elderly.jpeg,Active
332,沙田,沙田頭村休憩處,沙田頭村,,長者健身園地,/facilities/md-elderly.jpeg,Active
333,沙田,城門河第三海濱花園,沙田源禾路,,長者健身園地,/facilities/md-elderly.jpeg,Active
334,沙田,曾大屋遊樂場,沙田沙角街2號,,長者健身園地,/facilities/md-elderly.jpeg,Active
335,沙田,銅鑼灣山路花園,大圍銅鑼灣山路,,長者健身園地,/facilities/md-elderly.jpeg,Active
336,沙田,黃泥頭花園,沙田黃泥頭村,,長者健身園地,/facilities/md-elderly.jpeg,Active
337,沙田,王屋花園,沙田圓洲角路,,長者健身園地,/facilities/md-elderly.jpeg,Active
338,沙田,烏溪沙兒童遊樂場,沙田烏溪沙村,,長者健身園地,/facilities/md-elderly.jpeg,Active
339,沙田,圓洲角公園,沙田圓洲角路,,長者健身園地,/facilities/md-elderly.jpeg,Active
356,東區,愛秩序灣公園,西灣河愛德街10號,,長者健身園地,/facilities/md-elderly.jpeg,Active
357,東區,愛秩序街遊樂場,筲箕灣筲箕灣道,,長者健身園地,/facilities/md-elderly.jpeg,Active
358,東區,柴灣道兒童遊樂場,筲箕灣柴灣道,,長者健身園地,/facilities/md-elderly.jpeg,Active
359,東區,賽西湖公園,北角寶馬山道,,長者健身園地,/facilities/md-elderly.jpeg,Active
360,東區,工廠街遊樂場,筲箕灣工廠街,,長者健身園地,/facilities/md-elderly.jpeg,Active
361,東區,炮台山道遊樂場,北角炮台山道,,長者健身園地,/facilities/md-elderly.jpeg,Active
362,東區,基利路休憩處,鰂魚涌基利路,,長者健身園地,/facilities/md-elderly.jpeg,Active
363,東區,健康村遊樂場,北角百福道,,長者健身園地,/facilities/md-elderly.jpeg,Active
364,東區,杏花邨遊樂場,柴灣盛泰道,,長者健身園地,/facilities/md-elderly.jpeg,Active
365,東區,鯉景灣休憩處,西灣河太安街,,長者健身園地,/facilities/md-elderly.jpeg,Active
366,東區,北角街市天台兒童遊樂場,北角七姊妹道,,長者健身園地,/facilities/md-elderly.jpeg,Active
367,東區,北角海水配水庫休憩處,北角天后廟道,,長者健身園地,/facilities/md-elderly.jpeg,Active
368,東區,鰂魚涌海水配水庫休憩處,鰂魚涌柏架山道,,長者健身園地,/facilities/md-elderly.jpeg,Active
369,東區,鰂魚涌街休憩處,鰂魚涌鰂魚涌街,,長者健身園地,/facilities/md-elderly.jpeg,Active
370,東區,西灣河遊樂場,西灣河鯉景灣鯉景道,,長者健身園地,/facilities/md-elderly.jpeg,Active
371,東區,小西灣道花園,小西灣小西灣道,,長者健身園地,/facilities/md-elderly.jpeg,Active
372,東區,泰民街遊樂場,柴灣泰民街,,長者健身園地,/facilities/md-elderly.jpeg,Active
373,東區,泰民街休憩處,柴灣泰民街,,長者健身園地,/facilities/md-elderly.jpeg,Active
374,東區,大潭道／柴灣道小園地,柴灣大潭道與柴灣道交界,,長者健身園地,/facilities/md-elderly.jpeg,Active
375,東區,電照街兒童遊樂場,北角電照街,,長者健身園地,/facilities/md-elderly.jpeg,Active
376,東區,天后廟道一號花園,北角天后廟道,,長者健身園地,/facilities/md-elderly.jpeg,Active
378,東區,永泰道花園,柴灣永泰道,,長者健身園地,/facilities/md-elderly.jpeg,Active
379,東區,怡泰街休憩處,柴灣怡泰街,,長者健身園地,/facilities/md-elderly.jpeg,Active
380,東區,耀興道休憩處,柴灣耀興道,,長者健身園地,/facilities/md-elderly.jpeg,Active
387,油尖旺,晏架街遊樂場,旺角大角咀晏架街55號,,長者健身園地,/facilities/md-elderly.jpeg,Active
388,油尖旺,廣東道／登打士街休憩處,旺角廣東道912-916號,,長者健身園地,/facilities/md-elderly.jpeg,Active
389,油尖旺,廣東道／豉油街休憩處,旺角廣東道956-962號,,長者健身園地,/facilities/md-elderly.jpeg,Active
390,油尖旺,聚魚道休憩花園,旺角大角咀聚漁道及深旺道交界,,長者健身園地,/facilities/md-elderly.jpeg,Active
391,油尖旺,渡船街遊樂場,旺角渡船街230號,,長者健身園地,/facilities/md-elderly.jpeg,Active
392,油尖旺,加士居道／彌敦道休憩花園 (第一期),九龍彌敦道加士居道交界,,長者健身園地,/facilities/md-elderly.jpeg,Active
393,油尖旺,埃華街休憩花園,旺角大角咀道/埃華街交界,,長者健身園地,/facilities/md-elderly.jpeg,Active
394,油尖旺,九龍佐治五世紀念公園,佐敦佐敦道/廣東道交界,,長者健身園地,/facilities/md-elderly.jpeg,Active
395,油尖旺,京士柏遊樂場,油麻地京士柏道23號,,長者健身園地,/facilities/md-elderly.jpeg,Active
397,油尖旺,九龍公園,尖沙咀柯士甸道22號,,長者健身園地,/facilities/md-elderly.jpeg,Active
398,油尖旺,樂羣街公園,旺角大角咀樂羣街25號,,長者健身園地,/facilities/md-elderly.jpeg,Active
399,油尖旺,麥花臣遊樂場,旺角洗衣街59號,,長者健身園地,/facilities/md-elderly.jpeg,Active
400,油尖旺,文昌街公園,"文昌街, 渡船街, 欣翔道交界",,長者健身園地,/facilities/md-elderly.jpeg,Active
401,油尖旺,旺角道遊樂場,旺角旺角道4A,,長者健身園地,/facilities/md-elderly.jpeg,Active
402,油尖旺,砵蘭街休憩處,旺角砵蘭街152號,,長者健身園地,/facilities/md-elderly.jpeg,Active
403,油尖旺,洗衣街兒童遊樂場,旺角太子洗衣街及花墟道交界,,長者健身園地,/facilities/md-elderly.jpeg,Active
404,油尖旺,洗衣街花園,旺角洗衣街及豉油街交界,,長者健身園地,/facilities/md-elderly.jpeg,Active
405,油尖旺,西貢街遊樂場,油麻地西貢街/渡船街/廣東道交界,,長者健身園地,/facilities/md-elderly.jpeg,Active
406,油尖旺,上海街／登打士街休憩處,旺角上海街414-420號,,長者健身園地,/facilities/md-elderly.jpeg,Active
407,油尖旺,詩歌舞遊樂場,旺角大角咀柳樹街12號,,長者健身園地,/facilities/md-elderly.jpeg,Active
408,油尖旺,詩歌舞街休憩花園,旺角大角咀界限街,,長者健身園地,/facilities/md-elderly.jpeg,Active
409,油尖旺,大角咀道／楓樹街花園,旺角大角咀大角咀道及楓樹街交界,,長者健身園地,/facilities/md-elderly.jpeg,Active
410,油尖旺,德昌街遊樂場,旺角德昌街70號,,長者健身園地,/facilities/md-elderly.jpeg,Active
411,油尖旺,地士道街休憩花園,旺角地士道街23號,,長者健身園地,/facilities/md-elderly.jpeg,Active
412,油尖旺,塘尾道兒童遊樂場(部分屬臨時性質),旺角塘尾道170號,,長者健身園地,/facilities/md-elderly.jpeg,Active
413,油尖旺,油麻地配水庫休憩花園,油麻地京士柏道,,長者健身園地,/facilities/md-elderly.jpeg,Active
422,南區,香港仔海濱公園,香港仔海傍道,,長者健身園地,/facilities/md-elderly.jpeg,Active
423,南區,香港仔網球及壁球中心,香港仔海傍道1號,,長者健身園地,/facilities/md-elderly.jpeg,Active
424,南區,鴨脷洲配水庫遊樂場,香港仔鴨脷洲配水庫頂,,長者健身園地,/facilities/md-elderly.jpeg,Active
425,南區,鴨脷洲風之塔公園,鴨脷洲利枝道,,長者健身園地,/facilities/md-elderly.jpeg,Active
426,南區,洪聖街休憩花園,鴨脷洲惠風街,,長者健身園地,/facilities/md-elderly.jpeg,Active
427,南區,南朗山道休憩花園,香港仔黃竹坑南朗山道,,長者健身園地,/facilities/md-elderly.jpeg,Active
428,南區,石澳村休憩處,石澳石澳村路,,長者健身園地,/facilities/md-elderly.jpeg,Active
429,南區,深灣道休憩處,香港仔黃竹坑深灣道,,長者健身園地,/facilities/md-elderly.jpeg,Active
430,南區,南區新圍村休憩處,香港仔黃竹坑新圍村,,長者健身園地,/facilities/md-elderly.jpeg,Active
431,南區,上雞籠灣臨時休憩處,上鷄籠灣,,長者健身園地,/facilities/md-elderly.jpeg,Active
432,南區,瀑布灣公園,華富邨瀑布灣道,,長者健身園地,/facilities/md-elderly.jpeg,Active
433,南區,黃竹坑道花園,香港仔黃竹坑黃竹坑道,,長者健身園地,/facilities/md-elderly.jpeg,Active
434,南區,黃竹坑配水庫休憩花園,香港仔黃竹坑配水庫頂,,長者健身園地,/facilities/md-elderly.jpeg,Active
435,南區,黃蔴角道遊樂場,赤柱黃蔴角道,,長者健身園地,/facilities/md-elderly.jpeg,Active
436,南區,黃泥涌水塘公園健身徑,黃泥涌大潭水塘道,,長者健身園地,/facilities/md-elderly.jpeg,Active
437,南區,玉桂山配水庫休憩處,香港仔玉桂山鴨洲2號配水庫頂,,長者健身園地,/facilities/md-elderly.jpeg,Active
449,荃灣,柴灣角遊樂場,荃灣荃景圍198號,,長者健身園地,/facilities/md-elderly.jpeg,Active
450,荃灣,傅屋路休憩花園,荃灣中葵涌村傅屋路,,長者健身園地,/facilities/md-elderly.jpeg,Active
451,荃灣,賽馬會德華公園,荃灣德華街,,長者健身園地,/facilities/md-elderly.jpeg,Active
452,荃灣,木棉下花園,荃灣木棉下村,,長者健身園地,/facilities/md-elderly.jpeg,Active
453,荃灣,珀林路花園,荃灣馬灣田寮新村,,長者健身園地,/facilities/md-elderly.jpeg,Active
454,荃灣,西樓角村兒童遊樂場,荃灣馬西樓角村閃排路,,長者健身園地,/facilities/md-elderly.jpeg,Active
455,荃灣,三陂坊遊樂場,荃灣三陂坊,,長者健身園地,/facilities/md-elderly.jpeg,Active
456,荃灣,沙咀道遊樂場,荃灣沙咀道171-199號,,長者健身園地,/facilities/md-elderly.jpeg,Active
457,荃灣,深康路遊樂場,荃灣青山公路深井段深康路,,長者健身園地,/facilities/md-elderly.jpeg,Active
458,荃灣,荃灣石壁遷置村遊樂場,荃灣鹹田街,,長者健身園地,/facilities/md-elderly.jpeg,Active
459,荃灣,上葵涌兒童遊樂場,荃灣上葵涌村,,長者健身園地,/facilities/md-elderly.jpeg,Active
460,荃灣,大陂坊遊樂場,荃灣大陂坊,,長者健身園地,/facilities/md-elderly.jpeg,Active
461,荃灣,汀九村遊樂場,荃灣青山公路汀九段11咪,,長者健身園地,/facilities/md-elderly.jpeg,Active
462,荃灣,青圓兒童遊樂場,荃灣深井龍如路,,長者健身園地,/facilities/md-elderly.jpeg,Active
463,荃灣,荃富街花園,荃灣東亞花園荃富街,,長者健身園地,/facilities/md-elderly.jpeg,Active
464,荃灣,荃景圍兒童遊樂場,"荃灣安逸街178號,荃景圍街市平台",,長者健身園地,/facilities/md-elderly.jpeg,Active
465,荃灣,荃景圍遊樂場及休憩花園,荃灣荃景圍,,長者健身園地,/facilities/md-elderly.jpeg,Active
466,荃灣,荃灣天后廟花園,荃灣綠楊新邨蕙荃路,,長者健身園地,/facilities/md-elderly.jpeg,Active
467,荃灣,荃灣西約體育館,荃灣灣景花園海安路68號,,長者健身園地,/facilities/md-elderly.jpeg,Active
468,荃灣,橫窩仔街花園,荃灣橫窩仔街,,長者健身園地,/facilities/md-elderly.jpeg,Active
469,荃灣,二陂坊遊樂場,荃灣二陂坊,,長者健身園地,/facilities/md-elderly.jpeg,Active
478,深水埗,長沙灣遊樂場,長沙灣長沙灣道與發祥街交界,,長者健身園地,/facilities/md-elderly.jpeg,Active
481,深水埗,花墟公園,又一村界限街101號,,長者健身園地,/facilities/md-elderly.jpeg,Active
483,深水埗,李鄭屋花園,長沙灣東京街/李鄭屋漢墓博物館側,,長者健身園地,/facilities/md-elderly.jpeg,Active
484,深水埗,李鄭屋遊樂場,李鄭屋邨東京街60號,,長者健身園地,/facilities/md-elderly.jpeg,Active
485,深水埗,楓樹街遊樂場,深水埗黃竹街2M,,長者健身園地,/facilities/md-elderly.jpeg,Active
486,深水埗,南昌街休憩花園,石硤尾大窩坪澤安邨內,,長者健身園地,/facilities/md-elderly.jpeg,Active
487,深水埗,丹桂路休憩花園,又一村丹桂路,,長者健身園地,/facilities/md-elderly.jpeg,Active
488,深水埗,保安道遊樂場,長沙灣保安道與祥發街交界,,長者健身園地,/facilities/md-elderly.jpeg,Active
489,深水埗,深水埗公園,深水埗荔枝角道733號,,長者健身園地,/facilities/md-elderly.jpeg,Active
490,深水埗,石硤尾街休憩花園,深水埗石硤尾街,,長者健身園地,/facilities/md-elderly.jpeg,Active
491,深水埗,上李屋花園,李鄭屋大埔道/薩凡納藝術設計學院對面,,長者健身園地,/facilities/md-elderly.jpeg,Active
492,深水埗,順寧道遊樂場,李鄭屋順寧道與東沙島街交界,,長者健身園地,/facilities/md-elderly.jpeg,Active
493,深水埗,大坑東邨一號遊樂場,大坑東邨大坑東道與棠蔭街交界,,長者健身園地,/facilities/md-elderly.jpeg,Active
494,深水埗,大坑東邨二號遊樂場,大坑東邨毗鄰龍珠街,,長者健身園地,/facilities/md-elderly.jpeg,Active
495,深水埗,大坑東遊樂場,深水埗界限街63號,,長者健身園地,/facilities/md-elderly.jpeg,Active
496,深水埗,桃源街遊樂場,又一村桃源街及達之路交界,,長者健身園地,/facilities/md-elderly.jpeg,Active
497,深水埗,雀橋街休憩處,又一村雀橋街,,長者健身園地,/facilities/md-elderly.jpeg,Active
499,深水埗,偉智街休憩花園,石硤尾偉智街,,長者健身園地,/facilities/md-elderly.jpeg,Active
513,黃大仙,康強街休憩花園,新蒲崗康強街,,長者健身園地,/facilities/md-elderly.jpeg,Active
514,黃大仙,樂富遊樂場,樂富杏林街1號,,長者健身園地,/facilities/md-elderly.jpeg,Active
515,黃大仙,樂善道／彩虹道休憩處,新蒲崗彩虹道,,長者健身園地,/facilities/md-elderly.jpeg,Active
516,黃大仙,龍翔道北／蒲崗村道休憩處,黃大仙龍翔道,,長者健身園地,/facilities/md-elderly.jpeg,Active
517,黃大仙,摩士公園(一號公園),黃大仙大同街,,長者健身園地,/facilities/md-elderly.jpeg,Active
518,黃大仙,摩士公園(二號公園),黃大仙東頭邨道,,長者健身園地,/facilities/md-elderly.jpeg,Active
519,黃大仙,摩士公園(三號公園),黃大仙鳳舞街40號,,長者健身園地,/facilities/md-elderly.jpeg,Active
520,黃大仙,摩士公園 (四號公園),黃大仙杏林街30號,,長者健身園地,/facilities/md-elderly.jpeg,Active
521,黃大仙,睦鄰街遊樂場,黃大仙睦鄰街7號,,長者健身園地,/facilities/md-elderly.jpeg,Active
522,黃大仙,牛池灣村遊樂場,龍翔道牛池灣村,,長者健身園地,/facilities/md-elderly.jpeg,Active
523,黃大仙,蒲崗村道公園,鑽石山蒲崗村道140號,,長者健身園地,/facilities/md-elderly.jpeg,Active
524,黃大仙,石鼓壟道遊樂場,黃大仙樂善道18號,,長者健身園地,/facilities/md-elderly.jpeg,Active
525,黃大仙,慈雲山邨中央遊樂場,慈雲山雲華街1號,,長者健身園地,/facilities/md-elderly.jpeg,Active
526,黃大仙,慈雲山邨配水庫遊樂場,慈雲山樂華街,,長者健身園地,/facilities/md-elderly.jpeg,Active
527,黃大仙,慈雲山道休憩花園,慈雲山道／蒲崗村道交界,,長者健身園地,/facilities/md-elderly.jpeg,Active
528,黃大仙,永定道休憩處,黃大仙彩虹永定道,,長者健身園地,/facilities/md-elderly.jpeg,Active
529,黃大仙,黃大仙配水庫遊樂場,慈雲山雙鳳街,,長者健身園地,/facilities/md-elderly.jpeg,Active
530,黃大仙,仁愛街遊樂場,新蒲崗仁愛街1號,,長者健身園地,/facilities/md-elderly.jpeg,Active
539,葵青,青衣公園,青衣青綠街,,"長者健身園地, 籃球場,手球場,硬地球場,公園,網球場,露天劇場",/facilities/md-elderly.jpeg,Active
546,葵青,中葵涌公園,葵涌新葵街,,長者健身園地,/facilities/md-elderly.jpeg,Active
547,葵青,坑坪街遊樂場,葵涌坑坪街,,長者健身園地,/facilities/md-elderly.jpeg,Active
548,葵青,興盛路遊樂場,葵涌興盛路,,長者健身園地,/facilities/md-elderly.jpeg,Active
549,葵青,賽馬會興盛路遊樂場,葵涌興盛路,,長者健身園地,/facilities/md-elderly.jpeg,Active
550,葵青,九華徑村遊樂場,葵涌九華徑村,,長者健身園地,/facilities/md-elderly.jpeg,Active
551,葵青,葵盛配水庫休憩處,葵涌葵孝街,,長者健身園地,/facilities/md-elderly.jpeg,Active
552,葵青,葵義路遊樂場,葵涌葵義路,,長者健身園地,/facilities/md-elderly.jpeg,Active
553,葵青,光輝圍遊樂場,葵涌光輝圍,,長者健身園地,/facilities/md-elderly.jpeg,Active
554,葵青,寮肚路花園,青衣寮肚路,,長者健身園地,/facilities/md-elderly.jpeg,Active
555,葵青,寮肚路遊樂場,青衣寮肚路,,長者健身園地,/facilities/md-elderly.jpeg,Active
556,葵青,美景遊樂場,青衣青衣路青康路交界,,長者健身園地,/facilities/md-elderly.jpeg,Active
557,葵青,牙鷹洲花園,青衣青敬路,,長者健身園地,/facilities/md-elderly.jpeg,Active
558,葵青,安捷街遊樂場,葵涌安捷街,,長者健身園地,/facilities/md-elderly.jpeg,Active
559,葵青,石籬探奇遊樂場,葵涌石貝街,,長者健身園地,/facilities/md-elderly.jpeg,Active
560,葵青,石梨街休憩處,葵涌安足街,,長者健身園地,/facilities/md-elderly.jpeg,Active
561,葵青,石蔭路第三休憩花園,葵涌石蔭路,,長者健身園地,/facilities/md-elderly.jpeg,Active
562,葵青,上高灘街休憩處,青衣上高灘街,,長者健身園地,/facilities/md-elderly.jpeg,Active
563,葵青,大廈街花園,葵涌大窩口大廈街,,長者健身園地,/facilities/md-elderly.jpeg,Active
564,葵青,大隴街遊樂場,葵涌大隴街,,長者健身園地,/facilities/md-elderly.jpeg,Active
565,葵青,青華花園,青衣青芊街,,長者健身園地,/facilities/md-elderly.jpeg,Active
566,葵青,青華遊樂場,青衣青芊街,,長者健身園地,/facilities/md-elderly.jpeg,Active
567,葵青,青衣公園,青衣青敬路60號,,長者健身園地,/facilities/md-elderly.jpeg,Active
568,葵青,青衣海濱公園,青衣牙鷹洲街,,長者健身園地,/facilities/md-elderly.jpeg,Active
569,葵青,華景山路花園,葵涌華景山路,,長者健身園地,/facilities/md-elderly.jpeg,Active
581,離島,長洲公園,長洲大石口,,長者健身園地,/facilities/md-elderly.jpeg,Active
582,離島,大澳梁屋兒童遊樂場,大嶼山大澳梁屋村,,長者健身園地,/facilities/md-elderly.jpeg,Active
583,離島,長洲信義村 兒童遊樂場,長洲信義村,,長者健身園地,/facilities/md-elderly.jpeg,Active
584,離島,北角舊村兒童遊樂場,南丫島北角舊村,,長者健身園地,/facilities/md-elderly.jpeg,Active
585,離島,北社後街花園,長洲北社後街,,長者健身園地,/facilities/md-elderly.jpeg,Active
586,離島,坪洲海濱遊樂場,坪洲露坪街,,長者健身園地,/facilities/md-elderly.jpeg,Active
587,離島,寶珠潭燒烤場,大嶼山大澳,,長者健身園地,/facilities/md-elderly.jpeg,Active
588,離島,貝澳兒童遊樂場,大嶼山貝澳芝麻灣道,,長者健身園地,/facilities/md-elderly.jpeg,Active
589,離島,西堤道健身園地,長洲西堤道,,長者健身園地,/facilities/md-elderly.jpeg,Active
590,離島,南丫北大坪新村休憩處,南丫島大坪新村,,長者健身園地,/facilities/md-elderly.jpeg,Active
591,離島,大新後街休憩處,長洲大新後街,,長者健身園地,/facilities/md-elderly.jpeg,Active
592,離島,東涌道足球場,東涌東涌道,,長者健身園地,/facilities/md-elderly.jpeg,Active
593,離島,東涌黃家圍休憩處,東涌下嶺皮,,長者健身園地,/facilities/md-elderly.jpeg,Active
594,離島,榕樹灣遊樂場,南丫島榕樹灣,,長者健身園地,/facilities/md-elderly.jpeg,Active
606,灣仔,寶雲道花園,灣仔寶雲道,,長者健身園地,/facilities/md-elderly.jpeg,Active
607,灣仔,嘉寧徑花園,銅鑼灣嘉寧徑,,長者健身園地,/facilities/md-elderly.jpeg,Active
608,灣仔,蓮花宮花園,大坑蓮花街,,長者健身園地,/facilities/md-elderly.jpeg,Active
609,灣仔,駱克道遊樂場,灣仔駱克道,,長者健身園地,/facilities/md-elderly.jpeg,Active
610,灣仔,春園街休憩處,灣仔春園街22-24號,,長者健身園地,/facilities/md-elderly.jpeg,Active
611,灣仔,大坑徑遊樂場,大坑大坑徑,,長者健身園地,/facilities/md-elderly.jpeg,Active
612,灣仔,太和街遊樂場,灣仔太和街,,長者健身園地,/facilities/md-elderly.jpeg,Active
615,觀塘,牛頭角公園,九龍觀塘道199號,,"長者健身園地,健身園地,緩跑徑/健身徑,硬地球場",/facilities/md-elderly.jpeg,Active
616,觀塘,安秀道公園,觀塘安秀道,,"長者健身園地,健體園灺,緩跑徑/健身徑",/facilities/md-elderly.jpeg,Active
627,觀塘,茶果嶺村二號休憩處,觀塘茶果嶺茶果嶺村,,長者健身園地,/facilities/md-elderly.jpeg,Active
628,觀塘,彩霞道休憩處,觀塘佐敦谷彩霞道3號,,長者健身園地,/facilities/md-elderly.jpeg,Active
629,觀塘,彩禧路公園,觀塘平山彩禧路3號,,長者健身園地,/facilities/md-elderly.jpeg,Active
630,觀塘,彩榮路公園,觀塘平山彩榮路88號,,長者健身園地,/facilities/md-elderly.jpeg,Active
631,觀塘,雅麗道花園,觀塘牛頭角雅麗道,,長者健身園地,/facilities/md-elderly.jpeg,Active
632,觀塘,曉光街休憩花園,觀塘秀茂坪曉光街,,長者健身園地,/facilities/md-elderly.jpeg,Active
633,觀塘,曉明街遊樂場,觀塘秀茂坪曉明街17號,,長者健身園地,/facilities/md-elderly.jpeg,Active
634,觀塘,康寧道公園,觀塘康寧道180號,,長者健身園地,/facilities/md-elderly.jpeg,Active
635,觀塘,康寧道遊樂場,觀塘康寧道,,長者健身園地,/facilities/md-elderly.jpeg,Active
636,觀塘,啟仁街休憩處,觀塘九龍灣啟仁街,,長者健身園地,/facilities/md-elderly.jpeg,Active
637,觀塘,觀塘遊樂場,觀塘翠屏道6號,,長者健身園地,/facilities/md-elderly.jpeg,Active
638,觀塘,觀塘道兒童遊樂場,觀塘觀塘道,,長者健身園地,/facilities/md-elderly.jpeg,Active
639,觀塘,藍田綜合大樓(天台花園),觀塘藍田慶田街1號藍田綜合大樓,,長者健身園地,/facilities/md-elderly.jpeg,Active
640,觀塘,藍田公園,觀塘藍田碧雲道,,長者健身園地,/facilities/md-elderly.jpeg,Active
641,觀塘,樂華遊樂場,觀塘牛頭角樂華南邨,,長者健身園地,/facilities/md-elderly.jpeg,Active
642,觀塘,馬游塘中休憩處,觀塘馬游塘,,長者健身園地,/facilities/md-elderly.jpeg,Active
643,觀塘,馬游塘西休憩處,觀塘翠屏南邨將軍澳道,,長者健身園地,/facilities/md-elderly.jpeg,Active
644,觀塘,牛頭角道兒童遊樂場,觀塘牛頭角牛頭角道,,長者健身園地,/facilities/md-elderly.jpeg,Active
645,觀塘,安德道遊樂場,觀塘牛頭角安德道,,長者健身園地,/facilities/md-elderly.jpeg,Active
646,觀塘,三家村遊樂場,觀塘油塘三家村茶果嶺道四山街交界,,長者健身園地,/facilities/md-elderly.jpeg,Active
647,觀塘,秀茂坪邨(第一期)三號遊樂場,觀塘秀茂坪曉光街,,長者健身園地,/facilities/md-elderly.jpeg,Active
648,觀塘,順利邨公園,觀塘順利邨順利邨道33號,,長者健身園地,/facilities/md-elderly.jpeg,Active
649,觀塘,翠屏河花園,觀塘成業街及敬業街交界,,長者健身園地,/facilities/md-elderly.jpeg,Active
650,觀塘,油塘配水庫遊樂場,觀塘藍田碧雲道,,長者健身園地,/facilities/md-elderly.jpeg,Active
